{
  "alert": 61696,
  "arrow-down": 61697,
  "arrow-left": 61698,
  "arrow-right": 61699,
  "arrow-small-down": 61700,
  "arrow-small-left": 61701,
  "arrow-small-right": 61702,
  "arrow-small-up": 61703,
  "arrow-up": 61704,
  "beaker": 61705,
  "bell": 61706,
  "bold": 61707,
  "book": 61708,
  "bookmark": 61709,
  "briefcase": 61710,
  "broadcast": 61711,
  "browser": 61712,
  "bug": 61713,
  "calendar": 61714,
  "check": 61715,
  "checklist": 61716,
  "chevron-down": 61717,
  "chevron-left": 61718,
  "chevron-right": 61719,
  "chevron-up": 61720,
  "circle-slash": 61721,
  "circuit-board": 61722,
  "clippy": 61723,
  "clock": 61724,
  "cloud-download": 61725,
  "cloud-upload": 61726,
  "code": 61727,
  "comment": 61728,
  "comment-discussion": 61729,
  "credit-card": 61730,
  "dash": 61731,
  "dashboard": 61732,
  "database": 61733,
  "desktop-download": 61734,
  "device-camera": 61735,
  "device-camera-video": 61736,
  "device-desktop": 61737,
  "device-mobile": 61738,
  "diff": 61739,
  "diff-added": 61740,
  "diff-ignored": 61741,
  "diff-modified": 61742,
  "diff-removed": 61743,
  "diff-renamed": 61744,
  "ellipsis": 61745,
  "eye": 61746,
  "file": 61747,
  "file-binary": 61748,
  "file-code": 61749,
  "file-directory": 61750,
  "file-media": 61751,
  "file-pdf": 61752,
  "file-submodule": 61753,
  "file-symlink-directory": 61754,
  "file-symlink-file": 61755,
  "file-text": 61756,
  "file-zip": 61757,
  "flame": 61758,
  "fold": 61759,
  "gear": 61760,
  "gift": 61761,
  "gist": 61762,
  "gist-secret": 61763,
  "git-branch": 61764,
  "git-commit": 61765,
  "git-compare": 61766,
  "git-merge": 61767,
  "git-pull-request": 61768,
  "globe": 61769,
  "grabber": 61770,
  "graph": 61771,
  "heart": 61772,
  "history": 61773,
  "home": 61774,
  "horizontal-rule": 61775,
  "hubot": 61776,
  "inbox": 61777,
  "info": 61778,
  "issue-closed": 61779,
  "issue-opened": 61780,
  "issue-reopened": 61781,
  "italic": 61782,
  "jersey": 61783,
  "kebab-horizontal": 61784,
  "kebab-vertical": 61785,
  "key": 61786,
  "keyboard": 61787,
  "law": 61788,
  "light-bulb": 61789,
  "link": 61790,
  "link-external": 61791,
  "list-ordered": 61792,
  "list-unordered": 61793,
  "location": 61794,
  "lock": 61795,
  "logo-gist": 61796,
  "logo-github": 61797,
  "mail": 61798,
  "mail-read": 61799,
  "mail-reply": 61800,
  "mark-github": 61801,
  "markdown": 61802,
  "megaphone": 61803,
  "mention": 61804,
  "milestone": 61805,
  "mirror": 61806,
  "mortar-board": 61807,
  "mute": 61808,
  "no-newline": 61809,
  "note": 61810,
  "octoface": 61811,
  "organization": 61812,
  "package": 61813,
  "paintcan": 61814,
  "pencil": 61815,
  "person": 61816,
  "pin": 61817,
  "plug": 61818,
  "plus": 61819,
  "plus-small": 61820,
  "primitive-dot": 61821,
  "primitive-square": 61822,
  "project": 61823,
  "pulse": 61824,
  "question": 61825,
  "quote": 61826,
  "radio-tower": 61827,
  "reply": 61828,
  "repo": 61829,
  "repo-clone": 61830,
  "repo-force-push": 61831,
  "repo-forked": 61832,
  "repo-pull": 61833,
  "repo-push": 61834,
  "rocket": 61835,
  "rss": 61836,
  "ruby": 61837,
  "screen-full": 61838,
  "screen-normal": 61839,
  "search": 61840,
  "server": 61841,
  "settings": 61842,
  "shield": 61843,
  "sign-in": 61844,
  "sign-out": 61845,
  "smiley": 61846,
  "squirrel": 61847,
  "star": 61848,
  "stop": 61849,
  "sync": 61850,
  "tag": 61851,
  "tasklist": 61852,
  "telescope": 61853,
  "terminal": 61854,
  "text-size": 61855,
  "three-bars": 61856,
  "thumbsdown": 61857,
  "thumbsup": 61858,
  "tools": 61859,
  "trashcan": 61860,
  "triangle-down": 61861,
  "triangle-left": 61862,
  "triangle-right": 61863,
  "triangle-up": 61864,
  "unfold": 61865,
  "unmute": 61866,
  "unverified": 61867,
  "verified": 61868,
  "versions": 61869,
  "watch": 61870,
  "x": 61871,
  "zap": 61872
}